rt,robotali6n,trump,rudy,giuliani,perfectly,normal,board,must,problem,https,t.co,ehzxbmrpmx,
rt,cubanitoencuba,muchos,como,ella,tienen,negocios,en,trinidad,quieren,saber,de,trump,dicen,que,es,un,tipo,sucio,que,por,él,ha,ca,
rt,church143,people,making,money,election,get,rid,junk,get,rid,soros,first,maga,qanon,kag,tw,
rt,andyostroy,realdonaldtrump,unlike,repadamschiff,isn’t,pathologically,lying,corrupt,traitor,you’re,dictato,
rt,trumpatwar,stevebannon,china,know,handle,trump,https,t.co,eyv2vmmpgs,
trump,business,1,claim,bankruptcy,syphon,money,2,settle,workers,small,owes,3,get,https,t.co,avijvxjazl,
rt,howardfineman,realdonaldtrump,better,anyone,understands,exploits,amplifies,breakdown,suspicion,system,
3,et,le,tweet,du,jour,du,président,trump,doit,être,pris,au,sens,littéral,il,se,veut,incarnation,d,1,démocratie,p,https,t.co,cx7f8ni8j2,
rt,andy4691,whistleblower,putting,stop,corrupt,trump,administration,impeach,iamthewhistleblower,rudygiulianimeltdown,
rt,donnawr8,2007,kim,clement,predicted,trump,presidency,re,election,praying,president,religious,one,y,
what’s,dangerous,trump’s,phone,calls,democrat,attempts,eliminate,right,confront,accuser,https,t.co,u6khhwvndg,
stevescalise,realdonaldtrump,trump,trying,lessen,sanctions,russia,two,ways,1,seeking,de,https,t.co,9yjobxnd5a,
rt,andyostroy,jeez,another,corrupt,cowardly,little,snowflake,whining,bullied,just,like,cowardly,boss,pathetic,pompe,
rt,peterdaou,maga,gop,hypocrites,trump,barr,pompeo,co,shaking,foreign,governments,go,intel,commun,
republicanparty,republicans,maga,magats,gopcomplicit,trump,gopcowards,https,t.co,huyirybqs5,
rt,corentinsellin,2,la,situation,particulière,de,pompeo,est,déjà,abracadabrantesque,ministre,des,affaires,étrangères,us,il,assisté,
rt,gaby80192623,la,verdad,siempre,sale,flote,si,trump,tenía,problemas,ahora,se,le,suma,otro,australia,confirma,q,trump,le,pidió,
rt,enkiwriter,four,horsemen,apocalypse,conquest,war,famine,death,msnbc,cnn,trump,pompeo,giuliani,barr,https,t,
rt,rompevientotv,la,vida,después,de,trump,conéctate,con,este,brillante,artículo,de,tedlewis3,director,del,programa,de,dh,de,globa,
un,unsc,unhr,nato,us,trump,canada,mexico,uk,eu,france,germany,italy,switzerland,austria,scandinavia,https,t.co,9rumbzp0ku,
rt,stevevanderveen,franklin_graham,franklin_graham,robertjeffress,got,gop,talking,points,goal,scare,evangeli,
rt,andyostroy,realdonaldtrump,unlike,repadamschiff,isn’t,pathologically,lying,corrupt,traitor,you’re,dictato,
rt,dmon4ever,marklevinshow,jaeare53,personal,interest,ukraine,anything,pelosi,neck,deep,ukraine,
impeachment,intelligence,community,real,loser,https,t.co,qj5u4pu9eb,aeifdp,trump,https,t.co,ez61biupsb,
rt,texangalcindy,outnumberedfnc,years,us,investigation,spy,russian,hoax,perpetrated,corrupt,obama,admin,fact,
williambarr,amp,mikepompeo,collectively,participated,contacts,trump,leaders,least,four,foreig,https,t.co,gflq38hosr,
rt,fxleaderscom,gold,xauusd,prices,slid,lower,trade,close,two,month,lows,safe,haven,appeal,diminished,us,dollar,st,
realdonaldtrump,american,citizen,like,know,hell,trump,administration,talki,https,t.co,yazfdvyugu,
rt,andyostroy,realdonaldtrump,ladies,gentlemen,present,united,states,president,sits,around,day,tweeting,re,posti,
rt,donnawr8,2007,kim,clement,predicted,trump,presidency,re,election,praying,president,religious,one,y,
rt,peterdaou,maga,gop,hypocrites,trump,barr,pompeo,co,shaking,foreign,governments,go,intel,commun,
rt,bucholtzjulie,wyoming,rep,liz,cheney,thinks,ukraine,phone,call,set,trump,trying,every,crooked,street,s,
rt,andyostroy,realdonaldtrump,unlike,repadamschiff,isn’t,pathologically,lying,corrupt,traitor,you’re,dictato,
rt,howardfineman,realdonaldtrump,better,anyone,understands,exploits,amplifies,breakdown,suspicion,system,
rt,peterdaou,maga,gop,hypocrites,trump,barr,pompeo,co,shaking,foreign,governments,go,intel,commun,
rt,andyostroy,jeez,another,corrupt,cowardly,little,snowflake,whining,bullied,just,like,cowardly,boss,pathetic,pompe,
rt,deplorablebabe,whistleblower,complaint,changed,support,trump,ukraine,impeachment,biden,whistleblower,trump,
rt,texangalcindy,outnumberedfnc,years,us,investigation,spy,russian,hoax,perpetrated,corrupt,obama,admin,fact,
rt,peterdaou,maga,gop,hypocrites,trump,barr,pompeo,co,shaking,foreign,governments,go,intel,commun,
rt,ritacosby,thrilled,poland,soon,part,us,visawaiver,program,poles,truly,stalwart,patriots,america,freedom,bra,
markhammill,hollywood,robertdenero,making,sure,trump,elected,independents,like,https,t.co,zycdmetkbi,
rt,ritacosby,thrilled,poland,soon,part,us,visawaiver,program,poles,truly,stalwart,patriots,america,freedom,bra,
rt,thewisemansaid2,realdonaldtrump,essence,parody,one,claimed,quote,law,legal,congressman,t,
rt,howardfineman,realdonaldtrump,better,anyone,understands,exploits,amplifies,breakdown,suspicion,system,
rt,richardangwin,correct,way,handle,trump,supporter,civilwar,resist,trump,maga,1u,tcot,october1st,traitor,tuesdayth,
life,respect,individual,property,united,states,life,mandate,communal,property,ve,https,t.co,n3dhsdsir6,
rt,jerusalemvow,john,brennan,cia,head,obama,talks,love,islam,hater,president,trump,traitor,s,
rt,corentinsellin,ce,qui,se,joue,entre,trump,président,et,le,congrès,avec,cette,procédure,d'impeachment,va,bien,au,delà,de,son,sort,le,
rt,corentinsellin,ce,qui,se,joue,entre,trump,président,et,le,congrès,avec,cette,procédure,d'impeachment,va,bien,au,delà,de,son,sort,le,
rt,andyostroy,realdonaldtrump,unlike,repadamschiff,isn’t,pathologically,lying,corrupt,traitor,you’re,dictato,
rt,mog7546,looking,dirt,intel,agencies,barr,asked,foreign,officials,aid,inquiry,cia,fbi,activities,2016,wanted,
rt,emolclause,breaking:folks,remember,22,gop,senators,reelection,2020,sacrifice,national,s,
rt,greybeard_biker,bikerrally,trump,044.2,greybeardbikerapproved,rdrhwke,91jaopp,annettesn01,grannyanon1969,mama,
rt,andyostroy,jeez,another,corrupt,cowardly,little,snowflake,whining,bullied,just,like,cowardly,boss,pathetic,pompe,
realdonaldtrump,running,scared,really,messed,time,looser,trump,trumpimpeachment,clown,
rt,rompevientotv,la,vida,después,de,trump,conéctate,con,este,brillante,artículo,de,tedlewis3,director,del,programa,de,dh,de,globa,
rt,andyostroy,jeez,another,corrupt,cowardly,little,snowflake,whining,bullied,just,like,cowardly,boss,pathetic,pompe,
govfella,realdonaldtrump,birth,certificate,https,t.co,cvq1k9jaau,answers,rest,questions,https,t.co,uvpk2izanx,
rt,andyostroy,realdonaldtrump,unlike,repadamschiff,isn’t,pathologically,lying,corrupt,traitor,you’re,dictato,
impeach,impeach,impeach,nancy,cares,lies,lies,lies,nancy,cares,hate,https,t.co,nm2nbpbtva,
rt,andyostroy,realdonaldtrump,dear,republican,senators,reasons,remove,trump,office,asap,he’s,pathological,liar,
rt,battleofever,months,ago,us,intel,community,quietly,eliminated,requirement,whistleblowers,must,provide,first,hand,knowled,
outnumberedfnc,years,us,investigation,spy,russian,hoax,perpetrated,corrupt,obama,admin,fact,https,t.co,jbti1lryrf,
rt,andy4691,whistleblower,putting,stop,corrupt,trump,administration,impeach,iamthewhistleblower,rudygiulianimeltdown,
rt,lubonlez,trump,administration,corrupt,america,must,votebluenomatterwho,2020,cleanse,democracy,https,t.co,c8ddrp,
rt,excdragonfly369,pure,evil,corrupt,crooked,hillary,clinton,trump,maga,qanon,patriot,gitmo,hillary,clinton,obama,bush,squad,
rt,greybeard_biker,bikerrally,trump,044.0,greybeardbikerapproved,trinitysfaith,1stairdel_usmcr,cdoranharader,fedupf,
rt,sfdukie,excellent,reminder,spent,borderwall,trump,vowed,repeatedly,mexico,fund,taken,lawful,appropriati,
usatoday,thing,liz_cheney,family,tree,fabricated,basis,chaos,iraq,t,https,t.co,yyskc4aydu,
rt,corentinsellin,2,la,situation,particulière,de,pompeo,est,déjà,abracadabrantesque,ministre,des,affaires,étrangères,us,il,assisté,
rt,corentinsellin,ce,qui,se,joue,entre,trump,président,et,le,congrès,avec,cette,procédure,d'impeachment,va,bien,au,delà,de,son,sort,le,
rt,margie_hathaway,happy,birthday,president,jimmy,carter,man,embodies,much,believe,gives,america,reason,lo,
rt,andyostroy,jeez,another,corrupt,cowardly,little,snowflake,whining,bullied,just,like,cowardly,boss,pathetic,pompe,
rt,howardfineman,realdonaldtrump,better,anyone,understands,exploits,amplifies,breakdown,suspicion,system,
rt,thewisemansaid2,stevescalise,realdonaldtrump,transcript,real,phone,call,real,held,back,aid,real,spec,
chatbycc,steph93065,efforts,destroy,trump,failed,ukrainian,scam,fail,
rt,corentinsellin,bon,à,ce,rythme,de,révélations,lourdes,et,de,dévissage,de,trump,la,question,est,combien,de,temps,trump,donc,de,
rt,zeusfanhouse,senator,kamalaharris,said,monday,cnn,president,trump,susp,nded,tw,tter,threats,whis,
trump,administration,corrupt,america,must,votebluenomatterwho,2020,cleanse,democracy,https,t.co,c8ddrpzj3q,
rt,howardfineman,realdonaldtrump,better,anyone,understands,exploits,amplifies,breakdown,suspicion,system,
realdonaldtrump,breitbartnews,thank,making,poll,numbers,breitbart's,poll,numbers,obvious,https,t.co,7gj4c3xag4,
rt,peterdaou,maga,gop,hypocrites,trump,barr,pompeo,co,shaking,foreign,governments,go,intel,commun,
rt,solarpapst,36,mrd,im,jahr,sollen,zusätzlich,für,militär,ausgegeben,werden,weil,ein,hr,trump,es,kostenloser,öpnv,deutsc,
dont,believe,democrats,trying,sensor,everything,republican,everything,trump,related,read,https,t.co,dcnef4q0in,
rt,excdragonfly369,google,trump,kag,qanon,patriot,gitmo,hillary,clinton,obama,bush,squad,racist,democrat,immigrant,pedo,
rt,dmon4ever,marklevinshow,jaeare53,personal,interest,ukraine,anything,pelosi,neck,deep,ukraine,
rt,richardangwin,correct,way,handle,trump,supporter,civilwar,resist,trump,maga,1u,tcot,october1st,traitor,tuesdayth,
rt,excdragonfly369,google,trump,kag,qanon,patriot,gitmo,hillary,clinton,obama,bush,squad,racist,democrat,immigrant,pedo,
rt,teisha_powell,independence,day,pray,amp,love,trump,must,win,https,t.co,eh4p1yatjx,
rt,teisha_powell,zuckerberg,warren,crazy,socialist,trump,must,win,https,t.co,kgyl6xeoc0,
trump’s,potential,impeachment,snowballs,daily,show,https,t.co,sdgsqa6dvt,usa,trump,ukrainescandal,criminalpresident,gop,
rt,charlievp,maddow,2,remarkably,like,takeover,germangovt,early,1930,s,think,can’t,happen,
rt,andyostroy,jeez,another,corrupt,cowardly,little,snowflake,whining,bullied,just,like,cowardly,boss,pathetic,pompe,
rt,garethporter,trump,took,rouhani,chump,believing,use,flip,news,cycle,ukraine,snookering,t,
rt,jerusalemvow,john,brennan,cia,head,obama,talks,love,islam,hater,president,trump,traitor,s,
speakerpelosi,impeach,impeach,impeach,nancy,cares,lies,lies,lies,nancy,cares,https,t.co,rnpiyf58xi,
rt,angelociocca,secondo,dimaio,l'amicizia,di,conte,con,trump,avrebbe,evitato,dazi,la,verità,wto,da,il,via,libera,ai,dazi,usa,
rt,andyostroy,realdonaldtrump,ladies,gentlemen,present,united,states,president,sits,around,day,tweeting,re,posti,
rushlimbaugh,blubbering,badly,gop,never,ever,protects,case,realdonaldtrump,https,t.co,zzczrynxdn,
rt,outerspacemanii,michellemazuros,punishment,killing,young,man,minding,business,sanctuary,
