<U+30E9><U+30A4><U+30B9><U+30DC><U+30A6><U+30EB>,<U+3068>,<U+5E74>,<U+306E>,<U+53F2><U+4E0A>,<U+6700><U+9AD8>,<U+306E>,<U+30B2><U+30FC><U+30E0>,https,t.co,pcmpevm2pp,<U+30E9><U+30A4><U+30B9><U+30DC><U+30A6><U+30EB>,<U+304C>,<U+305D><U+306E>,<U+59FF>,<U+3092>,<U+5909><U+3048><U+308B>,<U+3053><U+3068><U+306B>,<U+306A>,<U+3063>,<U+305F>,<U+3053><U+306E>,<U+30CB><U+30E5><U+30FC><U+30B9>,<U+306B>,<U+89E6><U+308C>,<U+305F>,<U+3068><U+304D>,<U+50D5>,<U+306F>,<U+5468><U+5E74>,<U+3067>,<U+9078><U+51FA>,<U+3055>,<U+308C>,<U+305F>,<U+53F2><U+4E0A>,<U+6700><U+9AD8>,<U+306E>,<U+30B2><U+30FC><U+30E0>,<U+306E>,<U+3053><U+3068>,<U+3092>,<U+982D>,<U+306B>,<U+601D>,https,t.co,aqp3i87iv1,
rt,domclare,49ers,keeping,jimmy,garoppolo,around,2021,nfl,season,per,mikegarafolo,nfl,network,https,t.co,szxdz,
rt,cowhercbs,nfl,lost,matriarch,pat,rooney,embodied,spirit,pittsburgh,lived,life,impacted,every,
congratulations,nfl,flag,bowl,7u,champions,maui,ducks,nflflagbowl,https,t.co,tisbo7vynr,
rt,sharpfootball,56,td,passes,matthew,stafford,calvin,johnson,remember,good,times,https,t.co,a9ultydtmi,
rt,barrysanders,just,wanted,send,quick,note,thanking,mattstafford,family,done,team,fans,
rt,nfl_memes,matthew,stafford,greatest,mic’d,moments,nfl,history,https,t.co,j8dddxg9ls,
rt,cbssportshq,deshaun,watson,one,kind,1st,player,nfl,history,100,pass,tds,15,rush,tds,fir,
check,broadcast,playstation,4,ps4live,madden,nfl,21,live,https,t.co,zm4pcj1zze,
rt,glivingood,dmoorenfl,aliccscouting,jaberuski,sethmurphybbd,chasecameron_,jeffbear80,_codystewart,2yoon2zeroblitz,t3xassteeler,
rt,nfl_memes,matthew,stafford,greatest,mic’d,moments,nfl,history,https,t.co,j8dddxg9ls,
rt,brgridiron,via,mcclain_on_nfl,https,t.co,ouz7vb8lnc,
rt,cowhercbs,nfl,lost,matriarch,pat,rooney,embodied,spirit,pittsburgh,lived,life,impacted,every,
brgridiron,bleacherreport,mcclain_on_nfl,knowing,texans,trade,draft,picks,already,pi,https,t.co,w26mkwucgk,
rt,nfl345,statement,nflcommish,roger,goodell,jane,goodell,passing,patricia,rooney,https,t.co,pg7ykqyaua,https,t,
__andrew_powell,nfl,nflthrowback,just,wondering,taken,court,
https,t.co,bdnevztguf,
pbr,cbssports,pbr,cbs,ultimate,depressing,indicator,nfl,season’s,end,
rt,nfl_memes,matthew,stafford,greatest,mic’d,moments,nfl,history,https,t.co,j8dddxg9ls,
rt,koestreicher34,lamar,jackson,put,historic,numbers,college,quarterback,louisville,still,stand,podium,
rt,billbarnwell,related,news,here’s,article,wrote,2018,teams,might,consider,cycling,rookie,contract,qbs,
brgridiron,bleacherreport,mcclain_on_nfl,mark_bailey_2nd,
rt,nfl,jennifer,king,becoming,league’s,first,african,american,female,assistant,position,coach,via,espn,https,t.co,wsafvfvpka,
rt,the_nflgm,brgridiron,mcclain_on_nfl,people,don’t,understand,reason,expensive,lions,took,entirety,
rt,nfl_memes,matthew,stafford,greatest,mic’d,moments,nfl,history,https,t.co,j8dddxg9ls,
rt,footballusn,king,shit,right,rams,new,leader,house,ramshouse,nfl,nfltwitter,https,t.co,chheiiluuf,
elexmedia,yaa,gitu,deh,https,t.co,nb1aqzxhui,
rt,tjcetrulo,johnrivers131,runs,one,simple,scheme,nfl,maybe,cause,qb,offense,extremely,gene,
rt,cowhercbs,nfl,lost,matriarch,pat,rooney,embodied,spirit,pittsburgh,lived,life,impacted,every,
qué,haré,un,domingo,sin,nfl,
brgridiron,bleacherreport,mcclain_on_nfl,two,defensive,starters,yeah,definitely,mix,lol,
rt,barrysanders,just,wanted,send,quick,note,thanking,mattstafford,family,done,team,fans,
rt,adamschefter,detroit,dealing,qb,matthew,stafford,los,angeles,rams,exchange,two,future,first,round,picks,third,roun,
rt,nfl_memes,matthew,stafford,greatest,mic’d,moments,nfl,history,https,t.co,j8dddxg9ls,
rt,nfl_memes,matthew,stafford,greatest,mic’d,moments,nfl,history,https,t.co,j8dddxg9ls,
rt,scctradingcards,one,week,superbowl,giveaway,4,retweet,amp,follow,scctradingcards,chance,win,
rt,tariqnasheed,nfl,player,almost,beat,girlfriend,death,mainstream,media,kinda,quiet,chad,wheeler's,name,
rt,movethesticks,that’s,trucks,vs,trailers,theory,qbs,trucks,can,carry,team,trailers,highly,dependent,everything,
tips,para,sobrevivir,un,domingo,sin,nfl,por,favor,
brad,holmes,detroit,week,already,won,nfl,general,manager,year,https,t.co,xm3puqketf,
skepticgoat,sgellison,bingo,look,speech,causes,people,hate,keep,saying,https,t.co,k93uigpj1r,
rt,sharpfootball,nfl,didn’t,fine,hit,violated,player,safety,rules,amp,completely,changed,course,game,wants,1,
king,shit,right,rams,new,leader,house,ramshouse,nfl,nfltwitter,https,t.co,chheiiluuf,
rt,nfl_memes,matthew,stafford,greatest,mic’d,moments,nfl,history,https,t.co,j8dddxg9ls,
mcclain_on_nfl,chronbriansmith,seems,like,it’s,time,texans,move,franchise,fargo,wait,fe,https,t.co,32exar2vky,
bpofficial1,obeserat26,msthick,plies,nfl,espn,dumb,went,notre,dame,loyola,well,educated,now,hop,dick,go,read,
shsu05,deshaunwatson,culley,just,got,hired,tht,doesn’t,want,support,he’s,just,unhappy,wants,https,t.co,ij11w1ouct,
jliebs81,sirveyor___,miafins1,can,assume,iggy,youngest,player,nfl,last,year,https,t.co,k2mwdooz4g,
joelpetro04,rayin204,mcclain_on_nfl,can,says,day,one,waste,time,dict,https,t.co,r49nhrnobj,
rt,footbaiiism,matthew,stafford,greatest,mic’d,moments,nfl,history,https,t.co,igh0xhjghf,
kjpar,king,2,pretty,big,mistakes,think,first,one,exposed,twice,liked,fa,https,t.co,nmuuauaere,
o_j32,obeserat26,msthick,plies,nfl,espn,facts,gotta,read,also,gotta,read,history,ur,c,https,t.co,8aglydekqc,
rt,cowhercbs,nfl,lost,matriarch,pat,rooney,embodied,spirit,pittsburgh,lived,life,impacted,every,
nfl_dovkleiman,probably,rehired,patricia,
adjustranking10,nfl_dovkleiman,yeah,i’d,guess,
rt,cwilinric,jan,31,rtdsports,commonwealthclash,plus,vcu_hoops,spidermbb,caafootball,vcuwomenssoccer,sportsmemories,nfl,
rt,reggiewayne_17,probowl,week,last,time,made,nfl,pro,bowl,back,2012,season,rmathis_the1,
mosramone,joonathanpe,thiagost08,caradossports,mcclain_on_nfl,inferior,ao,mahomes,e,melhor,que,lamar,
rt,jordan_reid,surprised,don’t,see,nfl,teams,trade,bad,contracts,can,get,quickly,also,favorabl,
ssimplykordeii,different,women,watch,sports,thirst,bodies,nfl,nba,players,lol,
cbssportshq,jjwatt,_tjwatt,derekwatt34,badgerfootball,kealiaohai,battleredblog,mcclain_on_nfl,https,t.co,tf4aznheyf,
rt,lifenewshq,former,nfl,player,ben,watson,fight,joe,biden’s,abortion,agenda,https,t.co,sjrqqbodrq,https,t.co,oyasnp5mqa,
rt,cuffsthelegend,rams,traded,jared,goff,jared,goff,nfl,franchises,nuts,
rt,cowhercbs,nfl,lost,matriarch,pat,rooney,embodied,spirit,pittsburgh,lived,life,impacted,every,
shoulda,leanrt,jerry,trading,future,away,terrible,nfl,https,t.co,9h9xqvv9or,
one,week,super,bowl,find,better,team,ypu,already,know,kansas,city,baby,https,t.co,xsufssjrno,
rt,nfl,carson,palmer,everybody,rolling,2005,qb,challenge,via,nflthrowback,pro,bowl,madden,nfl,21,edition,today,5pm,e,
rt,nfl_memes,matthew,stafford,greatest,mic’d,moments,nfl,history,https,t.co,j8dddxg9ls,
rt,robynmundywyo,2021,wrs,bills,elimination,game,without,combine,great,posts,help,get,lists,ready,
rt,nfl_memes,matthew,stafford,greatest,mic’d,moments,nfl,history,https,t.co,j8dddxg9ls,
rt,nfl_memes,matthew,stafford,greatest,mic’d,moments,nfl,history,https,t.co,j8dddxg9ls,
rt,seattlerams_nfl,hope,every,single,rams,fan,take,4,30,lives,watch,single,matt,stafford,clip,nfl,films,
caradossports,mcclain_on_nfl,só,acho,que,até,pode,valer,mas,talvez,terão,que,reduzir,principalmente,pelos,dois,titulares,
custom,football,uniforms,package,deals,dm,us,contact,sales,gamedayuniforms.us,americanfootball,https,t.co,il5i5v1wtn,
yeet_vibes,brgridiron,mcclain_on_nfl,believe,asking,price,i’ve,always,believed,re,https,t.co,jq8igvrizd,
mcclain_on_nfl,kind,deal,grand,mastermind,jackeasterby,aiming,https,t.co,pxpie4ycbr,
catchcamarillo,great,tweet,nfl,tell,boys,said,thank,
rt,nflnetwork,toe,drag,swag,dezfitz8,uoflfootball,reese's,seniorbowl,nfl,network,https,t.co,isww4wxzlf,
baller17400101,spodaddyjr,nfl,ramsnfl,lol,
rt,koestreicher34,lamar,jackson,put,historic,numbers,college,quarterback,louisville,still,stand,podium,
rt,cityoftampa,super,bowl,experience,curtis,hixon,waterfront,park,open,8pm,tonight,join,fun,fans,ages,includi,
djg23,nfl_dovkleiman,honestly,imagine,lions,wanted,rams,deal,win,win,
rt,theundefeated,jan,31,1988,doug,williams,became,first,black,qb,win,super,bowl,williams,named,super,bowl,mvp,
rt,mavmorda,tmz,fox411,funn,aoc,gets,shit,sweatshirt,costs,67.22,paying,americans,living,wage,nfl,selling,
cdwill321,jbay_31,nfl,priority,draft,default,it’s,likely,improve,solid,pieces,https,t.co,ft9xaojt2d,
rt,espn,matthew,stafford,jared,goff,trade,nfl,world,talking,https,t.co,tigudqeofk,
leooo0155,deshaunwatson,nfl,y’all,gonna,lose,mack,3,firsts,return,though,lol,
rt,fightfan00,1st,2,foot,snowday,chicago,firing,day,front,tv,nuggets,vs,jazz,nfl,game,quinn,
rt,barrysanders,just,wanted,send,quick,note,thanking,mattstafford,family,done,team,fans,
rt,cityoftampa,super,bowl,experience,curtis,hixon,waterfront,park,open,8pm,tonight,join,fun,fans,ages,includi,
coachcondie,lorenjmiller,first,nfl,game,ever,saw,person,los,angeles,rams,los,angeles,raid,https,t.co,uico2fsa96,
rt,cowhercbs,nfl,lost,matriarch,pat,rooney,embodied,spirit,pittsburgh,lived,life,impacted,every,
themaj_nfl,don’t,feel,played,well,enough,c,starter,
rt,brgridiron,via,mcclain_on_nfl,https,t.co,ouz7vb8lnc,
mcclain_on_nfl,michael_fabiano,signed,extension,
minakimes,annual,super,bowl,trips,poisonous,team,nfl,ouch,
rt,nfl,week,sblv,ford,kcvstb,feb,7,6,30pm,et,cbs,nfl,app,yahoo,sports,app,https,t.co,xwayf1fq9s,
nfl_memes,many,years,old,learned,dante,culpepper,backup,
outback1738,brgridiron,mcclain_on_nfl,he’s,still,president,can,pretend,won’t,say,https,t.co,1otp1wphqe,
goff,lions,might,bit,struggle,think,matt,stafford,going,click,right,away,rams,nfl,
